The employee gave the supervisor feedback on her managing style.	FEM	MASC_SKEW
Someone gave the supervisor feedback on her managing style.	FEM	MASC_SKEW
The employee gave the supervisor feedback on his managing style.	MASC	MASC_SKEW
Someone gave the supervisor feedback on his managing style.	MASC	MASC_SKEW
The engineer informed the client that she would need more time to complete the project.	FEM	MASC_SKEW
The engineer informed someone that she would need more time to complete the project.	FEM	MASC_SKEW
The engineer informed the client that he would need more time to complete the project.	MASC	MASC_SKEW
The engineer informed someone that he would need more time to complete the project.	MASC	MASC_SKEW
The worker told the pedestrian that she was repairing the sidewalk as quickly as possible.	FEM	MASC_SKEW
The worker told someone that she was repairing the sidewalk as quickly as possible.	FEM	MASC_SKEW
The worker told the pedestrian that he was repairing the sidewalk as quickly as possible.	MASC	MASC_SKEW
The worker told someone that he was repairing the sidewalk as quickly as possible.	MASC	MASC_SKEW
The educator was meeting with a student to discuss her grading policy.	FEM	FEM_SKEW
The educator was meeting with a someone to discuss her grading policy.	FEM	FEM_SKEW
The educator was meeting with a student to discuss his grading policy.	MASC	FEM_SKEW
The educator was meeting with a someone to discuss his grading policy.	MASC	FEM_SKEW
The clerk provided the customer with paperwork to return to her upon completion.	FEM	FEM_SKEW
The clerk provided someone with paperwork to return to her upon completion.	FEM	FEM_SKEW
The clerk provided the customer with paperwork to return to him upon completion.	MASC	FEM_SKEW
The clerk provided someone with paperwork to return to him upon completion.	MASC	FEM_SKEW
The counselor disclosed to the patient that she was professionally mandated to report certain issues.	FEM	FEM_SKEW
The counselor disclosed to someone that she was professionally mandated to report certain issues.	FEM	FEM_SKEW
The counselor disclosed to the patient that he was professionally mandated to report certain issues.	MASC	FEM_SKEW
The counselor disclosed to someone that he was professionally mandated to report certain issues.	MASC	FEM_SKEW
The homeowner asked the inspector if she had discovered any building code violations.	FEM	MASC_SKEW
Someone asked the inspector if she had discovered any building code violations.	FEM	MASC_SKEW
The homeowner asked the inspector if he had discovered any building code violations.	MASC	MASC_SKEW
Someone asked the inspector if he had discovered any building code violations.	MASC	MASC_SKEW
The mechanic called to inform the customer that she had completed the repair.	FEM	MASC_SKEW
The mechanic called to inform someone that she had completed the repair.	FEM	MASC_SKEW
The mechanic called to inform the customer that he had completed the repair.	MASC	MASC_SKEW
The mechanic called to inform someone that he had completed the repair.	MASC	MASC_SKEW
The customer asked to speak with the manager because she would be able to fix the billing error.	FEM	MASC_SKEW
Someone asked to speak with the manager because she would be able to fix the billing error.	FEM	MASC_SKEW
The customer asked to speak with the manager because he would be able to fix the billing error.	MASC	MASC_SKEW
Someone asked to speak with the manager because he would be able to fix the billing error.	MASC	MASC_SKEW
The teenager confided in the therapist because she seemed trustworthy.	FEM	FEM_SKEW
Someone confided in the therapist because she seemed trustworthy.	FEM	FEM_SKEW
The teenager confided in the therapist because he seemed trustworthy.	MASC	FEM_SKEW
Someone confided in the therapist because he seemed trustworthy.	MASC	FEM_SKEW
The visitor asked the receptionist if she could estimate how long the wait would be.	FEM	FEM_SKEW
Someone asked the receptionist if she could estimate how long the wait would be.	FEM	FEM_SKEW
The visitor asked the receptionist if he could estimate how long the wait would be.	MASC	FEM_SKEW
Someone asked the receptionist if he could estimate how long the wait would be.	MASC	FEM_SKEW
The librarian helped the child pick out a book because she liked to encourage reading.	FEM	FEM_SKEW
The librarian helped someone pick out a book because she liked to encourage reading.	FEM	FEM_SKEW
The librarian helped the child pick out a book because he liked to encourage reading.	MASC	FEM_SKEW
The librarian helped someone pick out a book because he liked to encourage reading.	MASC	FEM_SKEW
The advisor met with the advisee because she wanted to give advice about job applications.	FEM	MASC_SKEW
The advisor met with someone because she wanted to give advice about job applications.	FEM	MASC_SKEW
The advisor met with the advisee because he wanted to give advice about job applications.	MASC	MASC_SKEW
The advisor met with someone because he wanted to give advice about job applications.	MASC	MASC_SKEW
The janitor warned the child not to step on the wet floor, otherwise she would have to mop it all over again.	FEM	MASC_SKEW
The janitor warned someone not to step on the wet floor, otherwise she would have to mop it all over again.	FEM	MASC_SKEW
The janitor warned the child not to step on the wet floor, otherwise he would have to mop it all over again.	MASC	MASC_SKEW
The janitor warned someone not to step on the wet floor, otherwise he would have to mop it all over again.	MASC	MASC_SKEW
The psychologist told the patient to fill out a questionnaire so she could make a preliminary assessment.	FEM	FEM_SKEW
The psychologist told someone to fill out a questionnaire so she could make a preliminary assessment.	FEM	FEM_SKEW
The psychologist told the patient to fill out a questionnaire so he could make a preliminary assessment.	MASC	FEM_SKEW
The psychologist told someone to fill out a questionnaire so he could make a preliminary assessment.	MASC	FEM_SKEW
The physician warned the patient that she could not safely prescribe a higher dose.	FEM	MASC_SKEW
The physician warned someone that she could not safely prescribe a higher dose.	FEM	MASC_SKEW
The physician warned the patient that he could not safely prescribe a higher dose.	MASC	MASC_SKEW
The physician warned someone that he could not safely prescribe a higher dose.	MASC	MASC_SKEW
The carpenter told the onlooker that she had been working on the house for three weeks.	FEM	MASC_SKEW
The carpenter told someone that she had been working on the house for three weeks.	FEM	MASC_SKEW
The carpenter told the onlooker that he had been working on the house for three weeks.	MASC	MASC_SKEW
The carpenter told someone that he had been working on the house for three weeks.	MASC	MASC_SKEW
The nurse notified the patient that her shift would be ending in an hour.	FEM	FEM_SKEW
The nurse notified someone that her shift would be ending in an hour.	FEM	FEM_SKEW
The nurse notified the patient that his shift would be ending in an hour.	MASC	FEM_SKEW
The nurse notified someone that his shift would be ending in an hour.	MASC	FEM_SKEW
The electrician warned the homeowner that she might need an extra day to finish rewiring the house.	FEM	MASC_SKEW
The electrician warned someone that she might need an extra day to finish rewiring the house.	FEM	MASC_SKEW
The electrician warned the homeowner that he might need an extra day to finish rewiring the house.	MASC	MASC_SKEW
The electrician warned someone that he might need an extra day to finish rewiring the house.	MASC	MASC_SKEW
The officer arrested the protester even though she was not on duty.	FEM	MASC_SKEW
The officer arrested someone even though she was not on duty.	FEM	MASC_SKEW
The officer arrested the protester even though he was not on duty.	MASC	MASC_SKEW
The officer arrested someone even though he was not on duty.	MASC	MASC_SKEW
The pathologist obtained tissue samples from the victim to look at under her microscope.	FEM	FEM_SKEW
The pathologist obtained tissue samples from someone to look at under her microscope.	FEM	FEM_SKEW
The pathologist obtained tissue samples from the victim to look at under his microscope.	MASC	FEM_SKEW
The pathologist obtained tissue samples from someone to look at under his microscope.	MASC	FEM_SKEW
The student asked the teacher if she could grant an extension on the assignment.	FEM	FEM_SKEW
Someone asked the teacher if she could grant an extension on the assignment.	FEM	FEM_SKEW
The student asked the teacher if he could grant an extension on the assignment.	MASC	FEM_SKEW
Someone asked the teacher if he could grant an extension on the assignment.	MASC	FEM_SKEW
The lawyer cross-examined the witness until she was finished asking questions.	FEM	MASC_SKEW
The lawyer cross-examined someone until she was finished asking questions.	FEM	MASC_SKEW
The lawyer cross-examined the witness until he was finished asking questions.	MASC	MASC_SKEW
The lawyer cross-examined someone until he was finished asking questions.	MASC	MASC_SKEW
The planner spoke with the resident who said that her proposal to build a new airport would be met with fierce opposition.	FEM	FEM_SKEW
The planner spoke with someone who said that her proposal to build a new airport would be met with fierce opposition.	FEM	FEM_SKEW
The planner spoke with the resident who said that his proposal to build a new airport would be met with fierce opposition.	MASC	FEM_SKEW
The planner spoke with someone who said that his proposal to build a new airport would be met with fierce opposition.	MASC	FEM_SKEW
The practitioner made a house call for the patient because she felt a sense of obligation.	FEM	FEM_SKEW
The practitioner made a house call for someone because she felt a sense of obligation.	FEM	FEM_SKEW
The practitioner made a house call for the patient because he felt a sense of obligation.	MASC	FEM_SKEW
The practitioner made a house call for someone because he felt a sense of obligation.	MASC	FEM_SKEW
The homeowner called the plumber to get an estimate for her services.	FEM	MASC_SKEW
Someone called the plumber to get an estimate for her services.	FEM	MASC_SKEW
The homeowner called the plumber to get an estimate for his services.	MASC	MASC_SKEW
Someone called the plumber to get an estimate for his services.	MASC	MASC_SKEW
The instructor encouraged the student to attend her help sessions.	FEM	FEM_SKEW
The instructor encouraged someone to attend her help sessions.	FEM	FEM_SKEW
The instructor encouraged the student to attend his help sessions.	MASC	FEM_SKEW
The instructor encouraged someone to attend his help sessions.	MASC	FEM_SKEW
The surgeon operated on the child with great care; her affection had grown over time.	FEM	MASC_SKEW
The surgeon operated on someone with great care; her affection had grown over time.	FEM	MASC_SKEW
The surgeon operated on the child with great care; his affection had grown over time.	MASC	MASC_SKEW
The surgeon operated on someone with great care; his affection had grown over time.	MASC	MASC_SKEW
The veterinarian informed the owner that she could admit Mittens for an emergency visit.	FEM	FEM_SKEW
The veterinarian informed someone that she could admit Mittens for an emergency visit.	FEM	FEM_SKEW
The veterinarian informed the owner that he could admit Mittens for an emergency visit.	MASC	FEM_SKEW
The veterinarian informed someone that he could admit Mittens for an emergency visit.	MASC	FEM_SKEW
The paramedic performed CPR on the passenger even though she knew it was too late.	FEM	MASC_SKEW
The paramedic performed CPR on someone even though she knew it was too late.	FEM	MASC_SKEW
The paramedic performed CPR on the passenger even though he knew it was too late.	MASC	MASC_SKEW
The paramedic performed CPR on someone even though he knew it was too late.	MASC	MASC_SKEW
The examiner inspected the body of the victim to determine a cause of death, but was unable to because she was too incompetent.	FEM	FEM_SKEW
The examiner inspected the body of someone to determine a cause of death, but was unable to because she was too incompetent.	FEM	FEM_SKEW
The examiner inspected the body of the victim to determine a cause of death, but was unable to because he was too incompetent.	MASC	FEM_SKEW
The examiner inspected the body of someone to determine a cause of death, but was unable to because he was too incompetent.	MASC	FEM_SKEW
The chemist told the visitor that she would be delighted to give a tour of the laboratory.	FEM	MASC_SKEW
The chemist told someone that she would be delighted to give a tour of the laboratory.	FEM	MASC_SKEW
The chemist told the visitor that he would be delighted to give a tour of the laboratory.	MASC	MASC_SKEW
The chemist told someone that he would be delighted to give a tour of the laboratory.	MASC	MASC_SKEW
The machinist gave the child a laser cutter demonstration, but said only she could operate it.	FEM	MASC_SKEW
The machinist gave someone a laser cutter demonstration, but said only she could operate it.	FEM	MASC_SKEW
The machinist gave the child a laser cutter demonstration, but said only he could operate it.	MASC	MASC_SKEW
The machinist gave someone a laser cutter demonstration, but said only he could operate it.	MASC	MASC_SKEW
The nutritionist explained to the patient that it was her belief that diet and exercise were equally important.	FEM	FEM_SKEW
The nutritionist explained to someone that it was her belief that diet and exercise were equally important.	FEM	FEM_SKEW
The nutritionist explained to the patient that it was his belief that diet and exercise were equally important.	MASC	FEM_SKEW
The nutritionist explained to someone that it was his belief that diet and exercise were equally important.	MASC	FEM_SKEW
The student set up a meeting with the architect to view her blueprints for inspiration.	FEM	MASC_SKEW
Someone set up a meeting with the architect to view her blueprints for inspiration.	FEM	MASC_SKEW
The student set up a meeting with the architect to view his blueprints for inspiration.	MASC	MASC_SKEW
Someone set up a meeting with the architect to view his blueprints for inspiration.	MASC	MASC_SKEW
The hairdresser recommended a new shampoo to the client because she wanted to be helpful.	FEM	FEM_SKEW
The hairdresser recommended a new shampoo to someone because she wanted to be helpful.	FEM	FEM_SKEW
The hairdresser recommended a new shampoo to the client because he wanted to be helpful.	MASC	FEM_SKEW
The hairdresser recommended a new shampoo to someone because he wanted to be helpful.	MASC	FEM_SKEW
The customer ordered a chocolate cake from the baker even though she had bad reviews online.	FEM	FEM_SKEW
Someone ordered a chocolate cake from the baker even though she had bad reviews online.	FEM	FEM_SKEW
The customer ordered a chocolate cake from the baker even though he had bad reviews online.	MASC	FEM_SKEW
Someone ordered a chocolate cake from the baker even though he had bad reviews online.	MASC	FEM_SKEW
The programmer volunteered to teach the student to code because she wanted to earn good karma.	FEM	MASC_SKEW
The programmer volunteered to teach someone to code because she wanted to earn good karma.	FEM	MASC_SKEW
The programmer volunteered to teach the student to code because he wanted to earn good karma.	MASC	MASC_SKEW
The programmer volunteered to teach someone to code because he wanted to earn good karma.	MASC	MASC_SKEW
The paralegal forgot to file paperwork for the client so she was fired.	FEM	FEM_SKEW
The paralegal forgot to file paperwork for someone so she was fired.	FEM	FEM_SKEW
The paralegal forgot to file paperwork for the client so he was fired.	MASC	FEM_SKEW
The paralegal forgot to file paperwork for someone so he was fired.	MASC	FEM_SKEW
The hygienist told the patient that she needed to perform a full mouth x-ray.	FEM	FEM_SKEW
The hygienist told someone that she needed to perform a full mouth x-ray.	FEM	FEM_SKEW
The hygienist told the patient that he needed to perform a full mouth x-ray.	MASC	FEM_SKEW
The hygienist told someone that he needed to perform a full mouth x-ray.	MASC	FEM_SKEW
The cashier told the customer that she couldn't accept credit cards for a purchases under ten dollars.	FEM	FEM_SKEW
The cashier told someone that she couldn't accept credit cards for a purchases under ten dollars.	FEM	FEM_SKEW
The cashier told the customer that he couldn't accept credit cards for a purchases under ten dollars.	MASC	FEM_SKEW
The cashier told someone that he couldn't accept credit cards for a purchases under ten dollars.	MASC	FEM_SKEW
The dietitian encouraged the client to eat three square meals a day because that was the advice she gave everyone.	FEM	FEM_SKEW
The dietitian encouraged someone to eat three square meals a day because that was the advice she gave everyone.	FEM	FEM_SKEW
The dietitian encouraged the client to eat three square meals a day because that was the advice he gave everyone.	MASC	FEM_SKEW
The dietitian encouraged someone to eat three square meals a day because that was the advice he gave everyone.	MASC	FEM_SKEW
The painter sold an entire collection of paintings to the customer because she had to shut down the gallery.	FEM	MASC_SKEW
The painter sold an entire collection of paintings to someone because she had to shut down the gallery.	FEM	MASC_SKEW
The painter sold an entire collection of paintings to the customer because he had to shut down the gallery.	MASC	MASC_SKEW
The painter sold an entire collection of paintings to someone because he had to shut down the gallery.	MASC	MASC_SKEW
The chef came out to apologize to the guest who was unhappy with her preparation style.	FEM	MASC_SKEW
The chef came out to apologize to someone who was unhappy with her preparation style.	FEM	MASC_SKEW
The chef came out to apologize to the guest who was unhappy with his preparation style.	MASC	MASC_SKEW
The chef came out to apologize to someone who was unhappy with his preparation style.	MASC	MASC_SKEW
The doctor told the patient that she would be on vacation next week.	FEM	MASC_SKEW
The doctor told someone that she would be on vacation next week.	FEM	MASC_SKEW
The doctor told the patient that he would be on vacation next week.	MASC	MASC_SKEW
The doctor told someone that he would be on vacation next week.	MASC	MASC_SKEW
The firefighter had to rescue the child from the burning building because she could not just stand by and do nothing.	FEM	MASC_SKEW
The firefighter had to rescue someone from the burning building because she could not just stand by and do nothing.	FEM	MASC_SKEW
The firefighter had to rescue the child from the burning building because he could not just stand by and do nothing.	MASC	MASC_SKEW
The firefighter had to rescue someone from the burning building because he could not just stand by and do nothing.	MASC	MASC_SKEW
The secretary asked the visitor to sign in so that she could update the guest log.	FEM	FEM_SKEW
The secretary asked someone to sign in so that she could update the guest log.	FEM	FEM_SKEW
The secretary asked the visitor to sign in so that he could update the guest log.	MASC	FEM_SKEW
The secretary asked someone to sign in so that he could update the guest log.	MASC	FEM_SKEW
